fecha,rend_bono10a,expect_infl_12m,inflacion_12m,tasa_referencia,tasa_real_exante
2010-01-01,5.75655,2.13333333333333,0.435718739101945,1.25,3.6232
2010-02-01,6.09765,2.20833333333333,0.835043257655835,1.25,3.8893
2010-03-01,6.0925652173913,2.275,0.755260569305348,1.25,3.8176
2010-04-01,5.9814,2.5,0.76165337907765,1.25,3.4814
2010-05-01,6.16133333333333,2.5,1.04478015205456,1.5,3.6613
2010-06-01,6.3284,2.5,1.64340671777881,1.75,3.8284
2010-07-01,6.00815789473684,2.52083333333333,1.82325129296416,2.0,3.4873
2010-08-01,5.6217619047619,2.56666666666667,2.30885508267747,2.5,3.0551
2010-09-01,5.73390909090909,2.6625,2.36535673314101,3.0,3.0714
2010-10-01,5.49245,2.54166666666667,2.0950876960611,3.0,2.9508
2010-11-01,5.70457142857143,2.49583333333333,2.21771157289207,3.0,3.2087
2010-12-01,5.89795,2.5,2.07644423190308,3.0,3.398
2011-01-01,5.84628571428571,2.86666666666667,2.17264229393742,3.25,2.9796
2011-02-01,6.01595,2.91666666666667,2.23355858855512,3.5,3.0993
2011-03-01,6.35333612040134,3.075,2.66342558533546,3.75,3.2783
2011-04-01,6.94410092633545,3.18333333333333,3.33627077586349,4.0,3.7608
2011-05-01,6.72250202228567,3.23333333333333,3.06661988654443,4.25,3.4892
2011-06-01,6.45763825900731,3.05,2.91065322504482,4.25,3.4076
2011-07-01,6.23626241920591,2.93333333333333,3.35053580984407,4.25,3.3029
2011-08-01,5.92853521749067,2.95,3.34775576236666,4.25,2.9785
2011-09-01,5.62017803787122,2.825,3.72632873848609,4.25,2.7952
2011-10-01,5.72483222108669,2.8,4.20058635305765,4.25,2.9248
2011-11-01,5.66734322961868,2.88333333333333,4.64185930799761,4.25,2.784
2011-12-01,5.6953293398377,3.0,4.73842084248362,4.25,2.6953
2012-01-01,5.6877609398031,2.82083333333333,4.22536434603765,4.25,2.8669
2012-02-01,5.55203643226112,2.7,4.16575394297844,4.25,2.852
2012-03-01,5.40746192764249,2.7,4.23148743233747,4.25,2.7075
2012-04-01,5.31709184145608,2.9,4.07684685836829,4.25,2.4171
2012-05-01,5.1611689535073,3.03333333333333,4.14239616822717,4.25,2.1278
2012-06-01,5.14383563093637,3.0,4.00107094984338,4.25,2.1438
2012-07-01,5.02354166666667,2.85833333333333,3.27611476932365,4.25,2.1652
2012-08-01,4.85419437482595,2.86666666666667,3.52598073623202,4.25,1.9875
2012-09-01,4.67659618205868,2.85,3.74113621145945,4.25,1.8266
2012-10-01,4.55363674242424,2.875,3.24663026597157,4.25,1.6786
2012-11-01,4.45981283452211,2.725,2.66179188790001,4.25,1.7348
2012-12-01,4.16331561657297,2.55,2.64936888071586,4.25,1.6133
2013-01-01,4.06750469795356,2.59166666666667,2.87207608956733,4.25,1.4758
2013-02-01,4.15190764118355,2.575,2.44956221835028,4.25,1.5769
2013-03-01,4.14838614187719,2.5625,2.59182460056487,4.25,1.5859
2013-04-01,4.05634051937754,2.48333333333333,2.3069499256289,4.25,1.573
2013-05-01,4.20181818181818,2.47916666666667,2.46477298011905,4.25,1.7227
2013-06-01,5.31946716260051,2.5,2.77073543850851,4.25,2.8195
2013-07-01,5.26015228899572,2.5125,3.24112353098976,4.25,2.7477
2013-08-01,5.46271259667266,2.58333333333333,3.27656563830685,4.25,2.8794
2013-09-01,5.60047619047619,2.7,2.8308406237713,4.25,2.9005
2013-10-01,5.31727272727273,2.65833333333333,3.0384821880728,4.25,2.6589
2013-11-01,5.467,2.63333333333333,2.95513866313524,4.0,2.8337
2013-12-01,5.6055,2.7,2.85968115579219,4.0,2.9055
2014-01-01,5.72,2.64166666666667,3.06663136092894,4.0,3.0783
2014-02-01,6.4255,2.58333333333333,3.77632969464066,4.0,3.8422
2014-03-01,6.16490476190476,2.6875,3.37792817164949,4.0,3.4774
2014-04-01,5.951,2.75,3.52315457481135,4.0,3.201
2014-05-01,5.64095238095238,2.76666666666667,3.55564442643562,4.0,2.8743
2014-06-01,5.37238095238095,2.825,3.44965289777902,4.0,2.5474
2014-07-01,5.177,2.79583333333333,3.33116382681631,3.75,2.3812
2014-08-01,5.19790476190476,2.88333333333333,2.68520888934139,3.75,2.3146
2014-09-01,5.33545454545455,2.75,2.73826215785076,3.5,2.5855
2014-10-01,5.35995454545454,2.7,3.08804046928228,3.5,2.66
2014-11-01,5.43935,2.725,3.15910225000358,3.5,2.7144
2014-12-01,5.35971428571429,2.6,3.22406118871739,3.5,2.7597
2015-01-01,5.2966,2.50416666666667,3.07326326860977,3.25,2.7924
2015-02-01,5.2855,2.5,2.76858517072284,3.25,2.7855
2015-03-01,5.52668181818182,2.7125,3.02019928834408,3.25,2.8142
2015-04-01,5.53809090909091,2.83333333333333,3.0174126785349,3.25,2.7048
2015-05-01,5.9019,2.81666666666667,3.36620186894155,3.25,3.0852
2015-06-01,6.17166666666667,2.9,3.54491029740405,3.25,3.2717
2015-07-01,6.47165,3.03333333333333,3.56292547971011,3.25,3.4383
2015-08-01,6.66319047619047,3.13333333333333,4.0426728422815,3.25,3.5299
2015-09-01,7.23577272727273,3.35,3.90455488298777,3.5,3.8858
2015-10-01,7.01072727272727,3.33333333333333,3.66020462128904,3.5,3.6774
2015-11-01,6.69261904761905,3.29583333333333,4.17256708018865,3.5,3.3968
2015-12-01,6.70786363636364,3.45,4.39792854166932,3.75,3.2579
2016-01-01,7.02015,3.44458333333333,4.60868784321291,4.0,3.5756
2016-02-01,7.34585714285714,3.43333333333333,4.47375701506678,4.25,3.9125
2016-03-01,7.139,3.35,4.30108051334928,4.25,3.789
2016-04-01,6.54485714285714,3.28333333333333,3.9072132668403,4.25,3.2615
2016-05-01,6.26581818181818,3.24166666666667,3.54061765756533,4.25,3.0242
2016-06-01,6.08436363636364,3.1625,3.34161872071432,4.25,2.9219
2016-07-01,5.75652380952381,3.01458333333333,2.96195894036733,4.25,2.7419
2016-08-01,5.63617391304348,2.76666666666667,2.94253095758978,4.25,2.8695
2016-09-01,5.79354545454546,2.6625,3.12667111206595,4.25,3.131
2016-10-01,5.77085714285714,2.71,3.40528775471299,4.25,3.0609
2016-11-01,6.30986363636364,2.90833333333333,3.34963245522741,4.25,3.4015
2016-12-01,6.44685714285714,2.9,3.23488195037019,4.25,3.5469
2017-01-01,6.35095454545454,2.90208333333333,3.09636415923956,4.25,3.4489
2017-02-01,6.26035,2.90833333333333,3.24979324559658,4.25,3.352
2017-03-01,6.09739130434783,2.9875,3.97485445147011,4.25,3.1099
2017-04-01,5.87055555555556,3.06666666666667,3.69471572141791,4.25,2.8039
2017-05-01,5.71772727272727,2.95458333333333,3.03980253604198,4.0,2.7631
2017-06-01,5.57905,2.8875,2.73244391775147,4.0,2.6915
2017-07-01,5.65947368421053,2.78541666666667,2.85206926625983,3.75,2.8741
2017-08-01,5.46204347826087,2.73333333333333,3.1738100701898,3.75,2.7287
2017-09-01,5.34190476190476,2.80625,2.94499513550225,3.5,2.5357
2017-10-01,5.26331818181818,2.6625,2.04014312278334,3.5,2.6008
2017-11-01,5.2997619047619,2.475,1.5443382320383,3.25,2.8248
2017-12-01,5.24947368421053,2.3,1.36485588371446,3.25,2.9495
2018-01-01,4.81809523809524,2.225,1.25318836941743,3.0,2.5931
2018-02-01,4.7945,2.1875,1.17956124835664,3.0,2.607
2018-03-01,4.845,2.18125,0.363136029353744,2.75,2.6638
2018-04-01,5.0242,2.16666666666667,0.48486988623302,2.75,2.8575
2018-05-01,5.47227272727273,2.21666666666667,0.930692513230167,2.75,3.2556
2018-06-01,5.6626,2.275,1.42933403390647,2.75,3.3876
2018-07-01,5.48476190476191,2.32895833333333,1.61610098729974,2.75,3.1558
2018-08-01,5.4252380952381,2.39166666666667,1.07057542660273,2.75,3.0336
2018-09-01,5.5175,2.4375,1.28028100935954,2.75,3.08
2018-10-01,5.73181818181818,2.43833333333333,1.84089384430844,2.75,3.2935
2018-11-01,5.727,2.475,2.16709746401055,2.75,3.252
2018-12-01,5.74363157894737,2.5,2.1925231538682,2.75,3.2436
2019-01-01,5.58772727272727,2.47708333333333,2.12915785051415,2.75,3.1106
2019-02-01,5.4945,2.4,2.00338485500231,2.75,3.0945
2019-03-01,5.29923809523809,2.33,2.24744059848037,2.75,2.9692
2019-04-01,5.2158,2.38,2.59264472909832,2.75,2.8358
2019-05-01,5.13735454545455,2.47083333333333,2.72512754617208,2.75,2.6665
2019-06-01,4.81719,2.475,2.29478053967056,2.75,2.3422
2019-07-01,4.4401,2.32291666666667,2.11191328006436,2.75,2.1172
2019-08-01,4.228985,2.3,2.03972339384534,2.5,1.929
2019-09-01,4.15212380952381,2.2125,1.85100693723761,2.5,1.9396
2019-10-01,4.07454285714286,2.22916666666667,1.88056226356924,2.5,1.8454
2019-11-01,4.23969,2.18333333333333,1.86679694871124,2.25,2.0564
2019-12-01,4.3559380952381,2.225,1.90009157916248,2.25,2.1309
2020-01-01,4.50230909090909,2.04583333333333,1.88835605229068,2.25,2.4565
2020-02-01,4.258095,2.025,1.90403776113918,2.25,2.2331
2020-03-01,5.08725909090909,2.01875,1.82153296943842,1.25,3.0685
2020-04-01,5.0255,1.50833333333333,1.72448975655499,0.25,3.5172
2020-05-01,4.4295,1.52083333333333,1.7819197522911,0.25,2.9087
2020-06-01,4.39,1.4,1.59873239164688,0.25,2.99
2020-07-01,4.24045454545455,1.45833333333333,1.8616957242678,0.25,2.7821
2020-08-01,4.06714285714286,1.56666666666667,1.68739824186658,0.25,2.5005
2020-09-01,4.18681818181818,1.49375,1.81955390705632,0.25,2.6931
2020-10-01,4.20545454545454,1.61666666666667,1.72400036113651,0.25,2.5888
2020-11-01,4.01450476190476,1.68333333333333,2.14220969430481,0.25,2.3312
2020-12-01,3.63264285714286,1.8475,1.97323222946074,0.25,1.7851
2021-01-01,3.658,1.97708333333333,2.67554538350913,0.25,1.6809
2021-02-01,3.9115,2.10833333333333,2.4013422122209,0.25,1.8032
2021-03-01,4.68608695652174,2.171875,2.59818523324116,0.25,2.5142
2021-04-01,5.09,2.3,2.38369772363027,0.25,2.79
2021-05-01,4.99,2.42708333333333,2.44745902560864,0.25,2.5629
2021-06-01,5.27323809523809,2.6,3.25460667105263,0.25,2.6732
2021-07-01,5.6647,3.025,3.81459906516264,0.25,2.6397
2021-08-01,6.35523809523809,3.07333333333333,4.95280459648037,0.5,3.2819
2021-09-01,6.34227272727273,3.6375,5.22957455422953,1.0,2.7048
2021-10-01,5.9495,3.61333333333333,5.82600992647617,1.5,2.3362
2021-11-01,5.86571428571429,3.7125,5.65514784662318,2.0,2.1532
2021-12-01,5.92563636363636,3.675,6.43038716340725,2.5,2.2506
2022-01-01,6.07457142857143,3.72708333333333,5.68491659367423,3.0,2.3475
2022-02-01,6.071,3.75,6.1470442223465,3.5,2.321
2022-03-01,6.59782608695652,4.3875,6.82408900736014,4.0,2.2103
2022-04-01,7.37315789473684,4.61666666666667,7.96465277256915,4.5,2.7565
2022-05-01,7.92363636363636,4.88541666666667,8.09113893196794,5.0,3.0382
2022-06-01,7.858,5.35,8.81263294388897,5.5,2.508
2022-07-01,8.21631578947368,5.15625,8.74083491516008,6.0,3.0601
2022-08-01,7.90872727272727,5.1,8.39798830340194,6.5,2.8087
2022-09-01,8.30590909090909,4.89375,8.52985253634929,6.75,3.4122
2022-10-01,8.64571428571429,4.78125,8.27519462737062,7.0,3.8645
2022-11-01,7.86476190476191,4.68333333333333,8.44722980234022,7.25,3.1814
2022-12-01,7.8615,4.3,8.45916200000001,7.5,3.5615
2023-01-01,7.95952380952381,4.62291666666666,8.66426700097408,7.75,3.3366
2023-02-01,7.87935,4.29166666666667,8.64592356025242,7.75,3.5877
2023-03-01,7.71669565217391,4.3,8.40057400933134,7.75,3.4167
2023-04-01,7.48888888888889,4.25,7.9650458305066,7.75,3.2389
2023-05-01,7.275,4.2125,7.89388564823743,7.75,3.0625
2023-06-01,7.07380952380952,3.825,6.46149699198863,7.75,3.2488
2023-07-01,6.7555,3.57291666666667,5.88160145590039,7.75,3.1826
2023-08-01,6.84409090909091,3.35833333333333,5.57614720330122,7.75,3.4858
2023-09-01,6.96857142857143,3.378125,5.04454594794186,7.5,3.5904
2023-10-01,7.62454545454545,3.32916666666667,4.34308132283159,7.25,4.2954
2023-11-01,7.17190476190476,3.14583333333333,3.63647512169549,7.0,4.0261
2023-12-01,6.86847368421053,2.825,3.23738256432406,6.75,4.0435
2024-01-01,6.67952380952381,2.6375,3.02392174826855,6.5,4.042
2024-02-01,6.75380952380952,2.64583333333333,3.29406696032184,6.25,4.108
2024-03-01,7.00578947368421,2.55625,3.04504592593905,6.25,4.4495
2024-04-01,7.38204545454545,2.61666666666667,2.42207617792805,6.0,4.7654
2024-05-01,7.09540909090909,2.55833333333333,2.00493835958688,5.75,4.5371
2024-06-01,7.08842105263158,2.525,2.28538225698791,5.75,4.5634
2024-07-01,6.9725,2.48541666666667,2.1276637869709,5.75,4.4871
2024-08-01,6.5835,2.44166666666667,2.03409700303861,5.5,4.1418
2024-09-01,6.36185714285714,2.425,1.77501053596859,5.25,3.9369
2024-10-01,6.52246818181818,2.45416666666667,2.00918040984485,5.25,4.0683
2024-11-01,6.669,2.44583333333333,2.27199072148831,5.0,4.2232
2024-12-01,6.62515789473684,2.45,1.96630270142824,5.0,4.1752
2025-01-01,6.69,2.36979166666667,1.85158283440667,4.75,4.3202
2025-02-01,6.4725,2.275,1.4773290589483,4.75,4.1975
2025-03-01,6.4852380952381,2.275,1.27718026977924,4.75,4.2102
2025-04-01,6.604,2.2875,1.65183401740204,4.75,4.3165
2025-05-01,6.48666666666667,2.26666666666667,1.68666289219268,4.5,4.22
2025-06-01,6.41190476190476,2.275,1.69370904576716,4.5,4.1369
2025-07-01,6.18745,2.19166666666667,1.6888009685144,4.5,3.9958
2025-08-01,6.01696,2.18333333333333,1.10633077531991,4.5,3.8336
2025-09-01,6.12590909090909,2.1625,1.35839342135424,4.25,3.9634
2025-10-01,6.10583636363637,2.19166666666667,1.35177475650182,4.25,3.9142
2025-11-01,6.00445,2.1625,1.36861256988846,4.25,3.842
2025-12-01,5.82715789473684,2.125,1.50879973918667,4.25,3.7022
2026-01-01,5.8855,2.025,1.70091694832201,4.25,3.8605
2026-02-01,5.801,2.1375,2.21416625767848,4.25,3.6635
2026-03-01,6.24181818181818,2.51875,3.80454581291585,4.25,3.7231
2026-04-01,6.213,2.81666666666667,4.01414363472928,4.25,3.3963
2026-05-01,6.2515,2.89166666666667,3.90505240621645,4.25,3.3598
2026-06-01,6.07571428571428,2.825,4.00890965651766,4.25,3.2507
2026-07-01,6.06894736842105,3.00875,4.06515256208199,4.25,3.0602
